Employee_ID,Age,Performance_Score,Leadership_Score,Training_Hours,Projects_Handled,Peer_Review_Score,Current_Position_Level,Salary
EMP0001,24,2,44,42,19,61,Junior,6500000
EMP0002,50,5,45,66,11,6,Junior,6500000
EMP0003,56,5,19,96,6,86,Lead,27500000
EMP0004,39,4,51,16,6,52,Senior,22500000
EMP0005,41,4,64,57,16,59,Junior,6500000
EMP0006,44,1,76,143,19,32,Junior,6500000
EMP0007,55,4,75,98,5,91,Senior,22500000
EMP0008,41,3,67,145,8,19,Mid,11500000
EMP0009,31,2,75,184,19,36,Junior,6500000
EMP0010,54,1,92,71,1,1,Mid,11500000
EMP0011,54,4,51,63,5,94,Mid,11500000
EMP0012,47,4,15,108,10,34,Junior,6500000
EMP0013,41,1,95,127,2,87,Mid,11500000
EMP0014,36,4,47,61,14,53,Lead,27500000
EMP0015,58,4,22,143,14,48,Junior,6500000
EMP0016,54,4,1,186,2,3,Lead,27500000
EMP0017,38,1,69,31,10,68,Lead,27500000
EMP0018,26,3,51,72,2,51,Junior,6500000
EMP0019,25,1,93,57,17,87,Senior,22500000
EMP0020,24,1,62,36,12,73,Lead,27500000
EMP0021,42,4,27,18,18,50,Junior,6500000
EMP0022,24,3,22,122,6,77,Senior,22500000
EMP0023,42,2,1,197,10,80,Mid,11500000
EMP0024,29,5,33,102,18,51,Senior,22500000
EMP0025,57,2,80,180,10,88,Lead,27500000
EMP0026,50,4,88,4,7,62,Junior,6500000
EMP0027,55,2,10,131,16,56,Mid,11500000
EMP0028,43,3,51,40,14,12,Lead,27500000
EMP0029,52,3,52,102,0,8,Junior,6500000
EMP0030,49,4,62,192,2,4,Mid,11500000
EMP0031,56,3,61,13,8,51,Mid,11500000
EMP0032,55,4,38,170,13,16,Lead,27500000
EMP0033,34,4,18,38,14,2,Mid,11500000
EMP0034,25,1,1,56,18,75,Senior,22500000
EMP0035,27,2,42,80,10,45,Senior,22500000
EMP0036,22,1,30,31,14,53,Lead,27500000
EMP0037,33,4,64,79,10,19,Lead,27500000
EMP0038,56,5,51,82,17,21,Junior,6500000
EMP0039,32,5,51,28,15,41,Lead,27500000
EMP0040,44,4,63,170,10,78,Junior,6500000
EMP0041,35,5,10,128,10,39,Mid,11500000
EMP0042,40,2,89,115,7,54,Lead,27500000
EMP0043,58,1,12,74,10,6,Mid,11500000
EMP0044,37,2,92,49,19,68,Mid,11500000
EMP0045,49,3,62,25,10,64,Lead,27500000
EMP0046,52,1,51,171,2,79,Senior,22500000
EMP0047,28,1,49,72,5,59,Junior,6500000
EMP0048,48,2,12,179,17,73,Senior,22500000
EMP0050,28,4,29,102,19,98,Senior,22500000
EMP0051,36,2,53,94,13,13,Senior,22500000
EMP0052,33,5,36,157,10,33,Lead,27500000
EMP0053,29,2,24,92,12,46,Lead,27500000
EMP0054,23,5,34,142,2,15,Senior,22500000
EMP0055,59,2,45,36,13,74,Junior,6500000
EMP0056,47,4,54,189,3,21,Junior,6500000
EMP0057,42,3,81,84,11,25,Lead,27500000
EMP0058,34,3,16,106,8,7,Senior,22500000
EMP0059,40,4,62,60,1,7,Senior,22500000
EMP0060,39,3,13,147,18,6,Mid,11500000
EMP0061,23,5,14,153,1,60,Mid,11500000
EMP0062,49,4,76,161,8,39,Lead,27500000
EMP0063,44,3,3,130,18,51,Junior,6500000
EMP0064,25,3,2,192,16,28,Junior,6500000
EMP0065,25,2,44,101,12,24,Junior,6500000
EMP0066,33,1,19,171,17,82,Junior,6500000
EMP0067,43,2,9,127,4,36,Senior,22500000
EMP0068,41,1,24,31,18,15,Senior,22500000
EMP0069,56,4,3,192,4,67,Mid,11500000
EMP0070,25,2,83,189,11,25,Senior,22500000
EMP0071,33,4,86,91,18,0,Lead,27500000
EMP0072,25,3,3,180,7,27,Lead,27500000
EMP0073,52,2,8,5,9,51,Mid,11500000
EMP0074,28,5,56,66,15,32,Senior,22500000
EMP0075,31,3,47,92,9,69,Senior,22500000
EMP0076,45,5,28,196,19,85,Mid,11500000
EMP0077,36,5,57,171,9,23,Mid,11500000
EMP0078,41,1,88,191,8,68,Mid,11500000
EMP0079,28,5,34,102,4,60,Lead,27500000
EMP0080,34,2,13,105,6,84,Junior,6500000
EMP0081,49,4,33,24,4,46,Lead,27500000
EMP0082,39,5,45,197,14,25,Mid,11500000
EMP0083,32,1,11,111,10,92,Mid,11500000
EMP0084,57,5,63,141,16,52,Mid,11500000
EMP0085,57,4,47,89,10,81,Mid,11500000
EMP0086,23,2,89,91,19,51,Junior,6500000
EMP0087,38,5,78,21,2,34,Junior,6500000
EMP0088,27,3,65,41,19,19,Mid,11500000
EMP0089,44,4,6,9,9,32,Senior,22500000
EMP0090,37,5,89,91,13,51,Mid,11500000
EMP0091,47,4,20,84,0,65,Junior,6500000
EMP0092,22,4,51,132,14,20,Junior,6500000
EMP0093,57,4,59,131,17,86,Mid,11500000
EMP0094,51,4,27,148,10,51,Junior,6500000
EMP0095,23,1,60,120,3,82,Lead,27500000
EMP0096,41,1,35,66,4,98,Mid,11500000
EMP0097,26,1,89,93,5,14,Junior,6500000
EMP0098,52,3,28,123,16,47,Lead,27500000
EMP0099,29,2,21,125,9,31,Junior,6500000
EMP0100,51,3,78,89,16,88,Junior,6500000
EMP0101,23,1,21,139,17,34,Lead,27500000
EMP0102,34,4,39,141,5,79,Mid,11500000
EMP0103,25,1,84,110,9,47,Mid,11500000
EMP0104,29,3,30,136,8,10,Senior,22500000
EMP0105,46,1,6,49,3,75,Mid,11500000
EMP0106,41,4,66,93,16,18,Senior,22500000
EMP0107,35,1,95,118,19,51,Lead,27500000
EMP0108,50,2,67,86,10,11,Lead,27500000
EMP0109,42,4,53,46,4,25,Junior,6500000
EMP0110,58,2,27,145,6,48,Junior,6500000
EMP0111,54,5,72,132,6,55,Junior,6500000
EMP0112,46,5,69,11,8,39,Mid,11500000
EMP0113,35,5,3,32,15,79,Senior,22500000
EMP0114,30,3,44,101,9,5,Junior,6500000
EMP0115,36,1,29,25,2,51,Lead,27500000
EMP0116,28,1,20,53,4,58,Junior,6500000
EMP0117,23,4,52,132,8,2,Lead,27500000
EMP0118,52,2,47,2,14,16,Senior,22500000
EMP0119,28,2,7,83,13,9,Mid,11500000
EMP0120,32,4,95,110,9,11,Lead,27500000
EMP0121,34,5,13,51,17,46,Lead,27500000
EMP0122,34,2,71,62,0,67,Junior,6500000
EMP0123,47,1,34,43,2,81,Lead,27500000
EMP0124,29,3,83,124,19,17,Junior,6500000
EMP0125,35,2,51,102,10,33,Senior,22500000
EMP0126,23,1,68,179,6,31,Mid,11500000
EMP0127,36,5,59,154,16,85,Senior,22500000
EMP0128,41,3,79,102,4,46,Lead,27500000
EMP0129,55,5,47,62,19,24,Lead,27500000
EMP0130,25,1,5,117,12,32,Mid,11500000
EMP0131,39,5,75,39,4,13,Lead,27500000
EMP0132,46,4,21,59,11,57,Junior,6500000
EMP0133,45,1,13,144,19,33,Senior,22500000
EMP0134,27,5,11,24,16,51,Lead,27500000
EMP0135,55,4,65,93,8,3,Mid,11500000
EMP0136,59,4,81,131,18,23,Mid,11500000
EMP0137,24,5,25,0,3,89,Junior,6500000
EMP0138,40,5,29,156,12,57,Mid,11500000
EMP0139,57,4,14,102,12,87,Junior,6500000
EMP0140,40,1,9,111,17,84,Lead,27500000
EMP0141,49,1,58,169,15,50,Junior,6500000
EMP0142,31,5,79,186,16,35,Mid,11500000
EMP0143,39,3,97,180,16,95,Junior,6500000
EMP0144,25,2,24,151,15,51,Mid,11500000
EMP0145,33,5,73,74,9,55,Lead,27500000
EMP0146,48,4,48,16,10,42,Mid,11500000
EMP0147,50,3,11,157,5,17,Mid,11500000
EMP0148,33,3,85,135,2,79,Senior,22500000
EMP0149,32,2,26,186,7,79,Lead,27500000
EMP0150,25,2,51,46,17,33,Senior,22500000
EMP0151,45,3,72,194,10,75,Mid,11500000
EMP0152,47,1,33,120,18,44,Senior,22500000
EMP0153,49,4,1,38,14,50,Lead,27500000
EMP0154,25,5,62,116,9,94,Mid,11500000
EMP0155,57,3,49,141,5,82,Junior,6500000
EMP0156,36,2,98,129,15,44,Lead,27500000
EMP0157,43,2,51,164,8,73,Junior,6500000
EMP0158,45,2,93,159,5,39,Lead,27500000
EMP0159,45,3,2,95,12,48,Senior,22500000
EMP0160,58,2,53,32,3,35,Lead,27500000
EMP0161,41,1,69,76,14,21,Senior,22500000
EMP0162,27,1,10,125,9,25,Lead,27500000
EMP0163,31,4,17,191,16,54,Junior,6500000
EMP0164,24,4,73,30,12,72,Senior,22500000
EMP0165,59,1,92,198,6,24,Junior,6500000
EMP0166,55,3,19,146,19,88,Mid,11500000
EMP0167,27,4,6,83,8,8,Lead,27500000
EMP0168,31,4,87,59,9,18,Mid,11500000
EMP0169,37,3,51,161,2,98,Senior,22500000
EMP0170,50,4,51,62,12,89,Senior,22500000
EMP0171,24,5,24,103,9,73,Mid,11500000
EMP0172,32,5,10,173,3,79,Junior,6500000
EMP0173,58,1,15,102,6,9,Senior,22500000
EMP0174,25,5,63,179,5,59,Mid,11500000
EMP0175,25,5,38,65,4,69,Mid,11500000
EMP0176,45,3,54,113,6,72,Senior,22500000
EMP0177,49,4,0,148,10,56,Junior,6500000
EMP0178,56,1,73,58,4,0,Senior,22500000
EMP0179,59,2,42,44,5,66,Junior,6500000
EMP0180,45,2,9,187,10,35,Junior,6500000
EMP0181,43,3,10,113,1,51,Lead,27500000
EMP0182,47,3,7,106,18,95,Mid,11500000
EMP0183,39,5,26,111,11,23,Mid,11500000
EMP0184,24,5,18,199,1,78,Lead,27500000
EMP0185,32,2,31,137,4,42,Senior,22500000
EMP0186,30,5,51,144,5,34,Mid,11500000
EMP0187,54,1,74,106,6,62,Mid,11500000
EMP0188,41,5,51,61,15,58,Mid,11500000
EMP0189,57,2,99,171,9,60,Senior,22500000
EMP0190,25,5,97,19,10,95,Mid,11500000
EMP0191,23,1,18,24,17,17,Junior,6500000
EMP0192,29,1,68,23,18,6,Lead,27500000
EMP0193,28,5,79,65,17,78,Lead,27500000
EMP0194,41,4,66,63,2,68,Junior,6500000
EMP0195,55,3,87,4,10,28,Lead,27500000
EMP0196,40,1,94,54,1,51,Lead,27500000
EMP0197,50,1,39,1,6,77,Lead,27500000
EMP0198,27,2,66,64,14,17,Lead,27500000
EMP0199,31,4,52,52,10,41,Junior,6500000
EMP0200,26,2,22,102,6,90,Mid,11500000
EMP0201,45,2,2,12,7,66,Senior,22500000
EMP0202,43,2,90,150,10,85,Mid,11500000
EMP0203,47,3,92,22,5,17,Mid,11500000
EMP0204,58,2,92,68,10,40,Lead,27500000
EMP0205,50,5,71,169,11,6,Junior,6500000
EMP0206,57,1,9,102,15,74,Mid,11500000
EMP0207,41,3,20,181,11,62,Mid,11500000
EMP0208,41,3,77,130,12,79,Senior,22500000
EMP0209,36,4,24,3,9,53,Mid,11500000
EMP0210,36,4,64,89,7,24,Senior,22500000
EMP0211,45,3,69,147,7,3,Junior,6500000
EMP0212,50,5,6,135,18,40,Junior,6500000
EMP0213,38,1,79,161,10,33,Lead,27500000
EMP0214,46,5,49,72,15,75,Senior,22500000
EMP0215,37,3,89,4,5,83,Senior,22500000
EMP0216,38,3,36,30,9,84,Senior,22500000
EMP0217,42,1,51,174,2,89,Mid,11500000
EMP0218,48,1,56,119,6,99,Junior,6500000
EMP0219,26,3,21,117,7,8,Senior,22500000
EMP0220,43,4,7,43,1,14,Junior,6500000
EMP0221,54,5,39,35,1,62,Senior,22500000
EMP0222,23,3,93,196,17,51,Junior,6500000
EMP0223,56,5,27,74,19,21,Mid,11500000
EMP0224,40,4,13,150,8,44,Lead,27500000
EMP0225,48,2,48,111,9,73,Lead,27500000
EMP0226,57,1,63,182,3,23,Mid,11500000
EMP0227,23,3,22,85,9,70,Senior,22500000
EMP0228,39,3,69,32,10,51,Senior,22500000
EMP0229,44,2,66,186,8,86,Lead,27500000
EMP0230,47,3,64,157,12,49,Mid,11500000
EMP0231,32,3,92,112,18,50,Lead,27500000
EMP0232,22,2,16,164,1,82,Lead,27500000
EMP0233,57,4,50,73,1,51,Mid,11500000
EMP0234,41,1,45,36,13,51,Lead,27500000
EMP0235,52,4,37,161,4,15,Mid,11500000
EMP0236,29,2,62,189,10,56,Junior,6500000
EMP0237,45,5,33,24,6,24,Mid,11500000
EMP0238,41,1,69,149,14,69,Mid,11500000
EMP0239,36,5,10,181,11,70,Mid,11500000
EMP0240,51,3,55,198,10,46,Mid,11500000
EMP0241,41,1,18,52,11,0,Lead,27500000
EMP0242,59,5,66,93,1,48,Lead,27500000
EMP0243,23,5,48,127,18,93,Junior,6500000
EMP0244,27,3,50,178,0,30,Mid,11500000
EMP0245,39,3,12,73,11,5,Senior,22500000
EMP0246,57,1,66,130,2,93,Lead,27500000
EMP0247,35,4,48,102,7,59,Mid,11500000
EMP0248,47,3,51,163,0,21,Junior,6500000
EMP0249,55,1,8,73,9,19,Lead,27500000
EMP0250,51,5,79,21,2,61,Mid,11500000
EMP0251,28,2,58,131,9,0,Lead,27500000
EMP0252,51,2,41,168,8,71,Senior,22500000
EMP0253,39,3,93,4,19,76,Mid,11500000
EMP0254,43,4,11,22,4,84,Mid,11500000
EMP0255,38,3,22,42,9,51,Mid,11500000
EMP0256,52,1,35,193,12,14,Mid,11500000
EMP0257,38,2,35,127,10,73,Junior,6500000
EMP0258,52,5,82,77,7,82,Senior,22500000
EMP0259,34,4,71,65,7,37,Senior,22500000
EMP0260,48,4,50,102,12,80,Lead,27500000
EMP0261,41,2,85,39,18,48,Junior,6500000
EMP0262,38,5,98,28,15,11,Senior,22500000
EMP0263,50,1,80,55,10,63,Mid,11500000
EMP0264,56,1,76,102,10,38,Junior,6500000
EMP0265,29,1,63,27,5,66,Mid,11500000
EMP0266,59,3,55,155,4,35,Mid,11500000
EMP0267,36,3,30,130,10,38,Mid,11500000
EMP0268,22,1,70,27,4,28,Senior,22500000
EMP0269,41,2,76,40,15,74,Lead,27500000
EMP0270,24,4,6,111,15,85,Senior,22500000
EMP0271,59,2,57,153,16,29,Lead,27500000
EMP0272,36,3,77,25,6,95,Mid,11500000
EMP0273,39,3,88,20,12,25,Mid,11500000
EMP0274,59,4,79,184,17,31,Junior,6500000
EMP0275,52,5,75,102,9,27,Junior,6500000
EMP0276,41,3,46,52,10,78,Junior,6500000
EMP0277,41,2,50,44,3,40,Mid,11500000
EMP0278,41,4,97,88,6,54,Mid,11500000
EMP0279,48,5,14,143,19,89,Lead,27500000
EMP0280,29,3,35,105,12,52,Mid,11500000
EMP0281,35,5,67,71,7,51,Senior,22500000
EMP0282,36,1,12,185,14,13,Mid,11500000
EMP0283,28,1,62,89,6,32,Mid,11500000
EMP0284,54,1,87,4,18,31,Mid,11500000
EMP0285,55,3,55,181,16,97,Senior,22500000
EMP0286,25,5,0,166,18,37,Junior,6500000
EMP0287,22,3,21,52,15,51,Mid,11500000
EMP0288,35,3,0,130,11,75,Mid,11500000
EMP0289,52,2,33,176,7,7,Mid,11500000
EMP0290,59,2,77,86,2,9,Senior,22500000
EMP0292,24,5,96,40,17,90,Junior,6500000
EMP0293,41,2,93,157,0,21,Senior,22500000
EMP0294,54,5,21,73,10,55,Junior,6500000
EMP0295,36,2,44,196,4,16,Junior,6500000
EMP0296,24,5,8,8,5,97,Mid,11500000
EMP0297,49,3,53,164,19,62,Mid,11500000
EMP0298,48,3,0,105,14,21,Senior,22500000
EMP0299,54,4,28,60,6,38,Lead,27500000
EMP0300,40,2,62,163,4,85,Lead,27500000
EMP0301,54,1,8,24,16,78,Lead,27500000
EMP0302,41,4,86,172,13,58,Lead,27500000
EMP0303,25,1,84,26,1,42,Junior,6500000
EMP0305,49,3,5,102,10,89,Senior,22500000
EMP0306,37,1,79,107,6,83,Junior,6500000
EMP0307,49,3,39,27,11,19,Mid,11500000
EMP0308,41,4,61,165,18,51,Lead,27500000
EMP0309,43,4,14,108,18,18,Lead,27500000
EMP0310,52,3,74,133,5,51,Lead,27500000
EMP0311,42,5,12,172,16,91,Lead,27500000
EMP0312,41,2,39,114,7,97,Senior,22500000
EMP0313,28,5,30,174,13,2,Mid,11500000
EMP0314,54,4,69,47,0,83,Junior,6500000
EMP0315,29,2,58,153,6,77,Mid,11500000
EMP0316,35,5,33,173,19,47,Lead,27500000
EMP0317,46,1,29,135,16,81,Mid,11500000
EMP0318,53,5,44,90,10,10,Lead,27500000
EMP0319,49,3,48,96,7,95,Junior,6500000
EMP0320,23,1,62,133,13,78,Senior,22500000
EMP0321,38,3,75,102,2,79,Mid,11500000
EMP0322,48,1,74,180,19,88,Mid,11500000
EMP0323,23,4,58,13,1,63,Junior,6500000
EMP0324,29,2,5,140,19,94,Lead,27500000
EMP0325,59,1,58,56,16,52,Lead,27500000
EMP0326,41,4,9,68,17,2,Mid,11500000
EMP0327,41,4,65,41,1,60,Mid,11500000
EMP0328,42,2,38,197,18,42,Senior,22500000
EMP0329,47,2,32,27,5,6,Junior,6500000
EMP0330,52,1,53,150,4,46,Lead,27500000
EMP0331,41,3,71,22,6,9,Junior,6500000
EMP0332,27,4,44,178,7,28,Junior,6500000
EMP0333,36,2,33,160,4,51,Lead,27500000
EMP0334,22,3,78,166,1,30,Lead,27500000
EMP0335,47,2,30,187,19,26,Mid,11500000
EMP0336,50,3,53,141,13,57,Mid,11500000
EMP0337,23,3,75,47,13,94,Senior,22500000
EMP0338,43,5,97,39,9,59,Lead,27500000
EMP0339,50,3,4,63,13,17,Junior,6500000
EMP0340,41,2,47,102,9,14,Lead,27500000
EMP0341,42,1,90,43,10,63,Senior,22500000
EMP0342,53,4,66,44,2,31,Lead,27500000
EMP0343,53,3,80,102,13,16,Lead,27500000
EMP0344,47,1,57,143,11,50,Lead,27500000
EMP0346,24,5,4,114,13,47,Lead,27500000
EMP0347,53,2,59,97,12,51,Mid,11500000
EMP0348,54,4,70,133,11,76,Mid,11500000
EMP0349,54,3,51,68,4,92,Mid,11500000
EMP0350,34,3,48,24,4,56,Mid,11500000
EMP0351,27,5,30,188,14,97,Junior,6500000
EMP0352,25,3,38,43,4,64,Senior,22500000
EMP0353,59,2,81,100,5,78,Lead,27500000
EMP0354,27,3,63,183,13,45,Mid,11500000
EMP0355,24,3,24,135,15,57,Mid,11500000
EMP0356,48,2,56,165,6,69,Mid,11500000
EMP0357,41,1,83,56,8,97,Lead,27500000
EMP0358,39,3,98,191,7,5,Lead,27500000
EMP0359,41,2,10,167,3,77,Mid,11500000
EMP0360,51,3,46,34,18,1,Lead,27500000
EMP0361,31,3,51,75,7,69,Lead,27500000
EMP0362,44,4,18,164,11,24,Mid,11500000
EMP0363,24,3,50,151,19,13,Senior,22500000
EMP0364,30,3,45,20,11,43,Lead,27500000
EMP0365,40,4,82,107,3,42,Mid,11500000
EMP0366,57,3,0,70,10,48,Lead,27500000
EMP0367,48,2,20,103,8,84,Mid,11500000
EMP0368,49,3,49,199,4,17,Junior,6500000
EMP0369,29,3,86,117,18,38,Mid,11500000
EMP0370,29,2,99,1,4,33,Junior,6500000
EMP0371,39,1,81,83,3,76,Junior,6500000
EMP0373,34,3,64,94,0,57,Senior,22500000
EMP0374,48,5,10,87,8,85,Junior,6500000
EMP0375,37,2,81,194,0,68,Lead,27500000
EMP0376,30,1,51,10,1,90,Junior,6500000
EMP0377,48,3,97,106,14,23,Junior,6500000
EMP0378,38,3,38,111,15,53,Lead,27500000
EMP0380,25,1,96,164,14,76,Junior,6500000
EMP0381,22,1,10,178,13,54,Mid,11500000
EMP0382,35,5,76,16,3,36,Senior,22500000
EMP0383,29,2,64,172,16,56,Lead,27500000
EMP0384,28,3,81,106,14,51,Lead,27500000
EMP0385,51,4,14,108,1,36,Senior,22500000
EMP0386,46,2,92,48,7,51,Lead,27500000
EMP0387,37,5,58,156,17,37,Junior,6500000
EMP0388,32,1,5,91,2,44,Mid,11500000
EMP0389,41,3,88,11,15,79,Junior,6500000
EMP0390,54,3,86,9,16,0,Mid,11500000
EMP0391,42,3,98,102,2,35,Senior,22500000
EMP0392,31,1,56,70,1,27,Senior,22500000
EMP0393,30,1,93,18,16,8,Lead,27500000
EMP0395,55,4,41,165,4,35,Mid,11500000
EMP0396,52,1,50,64,6,51,Junior,6500000
EMP0397,41,2,72,149,3,95,Lead,27500000
EMP0398,45,3,82,102,13,13,Senior,22500000
EMP0399,40,5,62,164,1,85,Junior,6500000
EMP0400,42,2,51,100,9,79,Junior,6500000
EMP0401,46,1,12,177,11,8,Lead,27500000
EMP0402,41,4,25,52,0,96,Senior,22500000
EMP0403,47,4,58,115,14,12,Junior,6500000
EMP0404,28,3,50,89,10,32,Junior,6500000
EMP0405,24,3,34,108,10,63,Junior,6500000
EMP0406,29,1,58,163,12,24,Mid,11500000
EMP0407,51,1,84,102,19,69,Mid,11500000
EMP0408,32,3,72,79,13,65,Lead,27500000
EMP0409,29,3,98,7,5,36,Mid,11500000
EMP0410,58,3,62,118,9,70,Senior,22500000
EMP0411,38,5,34,138,19,56,Mid,11500000
EMP0412,29,2,19,97,17,21,Mid,11500000
EMP0413,51,4,6,21,0,68,Mid,11500000
EMP0414,37,5,46,59,9,60,Lead,27500000
EMP0415,25,4,67,102,0,92,Junior,6500000
EMP0416,42,1,40,14,13,64,Senior,22500000
EMP0417,55,1,50,145,19,4,Lead,27500000
EMP0418,41,1,86,51,10,82,Mid,11500000
EMP0419,34,5,73,102,4,66,Mid,11500000
EMP0420,48,1,40,194,6,71,Mid,11500000
EMP0421,29,4,35,80,2,6,Lead,27500000
EMP0422,50,3,63,123,16,22,Mid,11500000
EMP0423,37,3,74,14,8,23,Lead,27500000
EMP0424,26,1,59,175,16,51,Lead,27500000
EMP0425,58,4,31,121,1,61,Junior,6500000
EMP0426,41,1,31,145,14,64,Junior,6500000
EMP0427,36,3,95,117,2,51,Junior,6500000
EMP0428,42,5,98,27,8,45,Mid,11500000
EMP0429,55,2,57,117,1,32,Senior,22500000
EMP0430,43,3,54,35,9,93,Senior,22500000
EMP0431,43,2,75,187,17,79,Mid,11500000
EMP0432,30,1,51,19,10,4,Junior,6500000
EMP0433,47,4,79,169,16,24,Senior,22500000
EMP0434,34,5,18,18,15,48,Mid,11500000
EMP0435,39,3,38,8,11,43,Junior,6500000
EMP0436,22,3,39,134,8,25,Mid,11500000
EMP0437,44,5,35,27,8,37,Mid,11500000
EMP0438,54,4,8,49,14,47,Mid,11500000
EMP0439,52,3,39,75,5,51,Senior,22500000
EMP0440,42,4,22,145,14,63,Mid,11500000
EMP0441,44,3,36,180,17,44,Mid,11500000
EMP0442,37,3,51,105,8,51,Lead,27500000
EMP0443,48,1,23,110,10,47,Senior,22500000
EMP0444,41,3,28,158,8,11,Lead,27500000
EMP0445,59,2,55,166,2,94,Mid,11500000
EMP0446,35,3,83,120,10,16,Senior,22500000
EMP0447,58,4,51,116,1,81,Mid,11500000
EMP0448,28,5,72,88,4,95,Senior,22500000
EMP0449,33,5,80,135,18,90,Junior,6500000
EMP0450,49,4,61,12,9,69,Junior,6500000
EMP0451,24,1,93,48,15,91,Lead,27500000
EMP0452,43,2,84,85,18,94,Mid,11500000
EMP0453,42,3,5,102,16,51,Lead,27500000
EMP0454,50,3,9,197,8,58,Mid,11500000
EMP0455,41,4,12,102,11,27,Mid,11500000
EMP0456,24,3,12,46,9,99,Mid,11500000
EMP0457,48,4,60,20,0,8,Junior,6500000
EMP0458,42,4,36,69,14,71,Lead,27500000
EMP0459,54,4,76,168,6,97,Junior,6500000
EMP0460,51,5,74,170,5,75,Junior,6500000
EMP0461,30,3,11,25,17,94,Junior,6500000
EMP0462,59,5,54,4,10,99,Junior,6500000
EMP0463,44,4,43,38,10,53,Junior,6500000
EMP0464,44,4,76,32,17,6,Mid,11500000
EMP0465,22,3,81,39,7,7,Junior,6500000
EMP0466,42,3,58,147,10,86,Mid,11500000
EMP0467,53,5,70,162,5,84,Senior,22500000
EMP0468,47,3,12,102,9,53,Senior,22500000
EMP0469,54,2,99,28,9,26,Senior,22500000
EMP0470,30,2,7,45,2,12,Senior,22500000
EMP0471,38,2,61,60,13,51,Mid,11500000
EMP0472,27,2,9,67,7,40,Lead,27500000
EMP0473,28,4,7,179,13,2,Lead,27500000
EMP0474,28,5,37,174,2,19,Junior,6500000
EMP0475,58,1,48,46,1,10,Lead,27500000
EMP0476,26,1,8,102,10,56,Lead,27500000
EMP0477,54,2,88,133,3,97,Junior,6500000
EMP0478,31,5,32,53,8,43,Lead,27500000
EMP0479,38,3,56,175,19,65,Junior,6500000
EMP0480,49,3,62,193,2,96,Mid,11500000
EMP0481,43,2,48,76,15,6,Junior,6500000
EMP0482,42,2,11,54,10,94,Mid,11500000
EMP0483,53,3,51,102,2,91,Senior,22500000
EMP0484,53,1,85,36,5,58,Lead,27500000
EMP0485,57,1,54,132,2,26,Mid,11500000
EMP0486,52,4,51,105,10,80,Mid,11500000
EMP0487,27,1,71,5,18,90,Senior,22500000
EMP0488,42,3,0,111,10,77,Lead,27500000
EMP0489,56,2,72,48,19,12,Mid,11500000
EMP0490,35,3,3,26,16,33,Senior,22500000
EMP0491,44,3,19,50,5,89,Mid,11500000
EMP0492,41,4,73,102,12,62,Mid,11500000
EMP0493,51,1,75,39,0,25,Mid,11500000
EMP0494,31,1,27,18,17,24,Mid,11500000
EMP0495,26,3,90,39,15,0,Senior,22500000
EMP0496,51,4,85,66,19,19,Mid,11500000
EMP0497,28,3,33,130,5,14,Lead,27500000
EMP0498,27,5,91,141,2,51,Senior,22500000
EMP0499,29,5,42,62,5,91,Lead,27500000
EMP0500,47,1,11,5,5,98,Junior,6500000
EMP0501,39,3,62,98,16,51,Senior,22500000
EMP0502,57,1,76,57,19,83,Senior,22500000
EMP0503,47,5,95,73,15,83,Junior,6500000
EMP0504,57,5,93,40,2,3,Junior,6500000
EMP0505,25,3,29,18,19,59,Senior,22500000
EMP0506,34,4,21,186,10,93,Junior,6500000
EMP0507,45,1,98,168,9,94,Mid,11500000
EMP0508,52,3,36,56,19,40,Senior,22500000
EMP0509,43,5,34,120,17,3,Junior,6500000
EMP0510,39,1,43,174,10,62,Lead,27500000
EMP0511,55,2,51,0,10,48,Mid,11500000
EMP0512,44,1,60,93,4,18,Mid,11500000
EMP0513,58,4,51,67,7,12,Senior,22500000
EMP0514,22,3,76,182,3,79,Junior,6500000
EMP0515,41,3,80,44,1,19,Junior,6500000
EMP0516,46,4,66,105,4,71,Mid,11500000
EMP0517,27,1,19,96,18,10,Mid,11500000
EMP0518,41,1,64,131,13,20,Senior,22500000
EMP0519,41,5,89,62,15,27,Senior,22500000
EMP0520,30,1,51,38,6,79,Lead,27500000
EMP0521,39,2,51,90,14,38,Senior,22500000
EMP0522,24,4,65,93,17,66,Junior,6500000
EMP0523,57,5,86,24,15,94,Lead,27500000
EMP0524,27,3,81,190,5,29,Mid,11500000
EMP0525,59,4,62,102,7,7,Lead,27500000
EMP0526,22,3,18,56,4,31,Senior,22500000
EMP0527,40,4,21,137,10,75,Junior,6500000
EMP0528,59,3,60,158,5,51,Lead,27500000
EMP0529,49,3,68,52,4,62,Senior,22500000
EMP0530,30,5,22,119,10,58,Junior,6500000
EMP0531,31,1,43,130,19,33,Lead,27500000
EMP0532,45,1,94,102,17,19,Mid,11500000
EMP0533,47,4,78,83,17,35,Senior,22500000
EMP0534,29,5,27,102,7,51,Senior,22500000
EMP0535,26,1,24,167,9,5,Mid,11500000
EMP0536,34,3,93,163,10,3,Junior,6500000
EMP0537,43,4,51,199,6,43,Mid,11500000
EMP0538,55,1,68,5,13,83,Mid,11500000
EMP0539,46,2,11,103,12,45,Senior,22500000
EMP0540,44,1,25,3,15,30,Senior,22500000
EMP0541,42,3,54,81,15,1,Lead,27500000
EMP0542,24,5,39,94,13,69,Senior,22500000
EMP0543,29,4,25,40,7,38,Junior,6500000
EMP0544,43,3,99,102,10,26,Mid,11500000
EMP0545,41,3,71,21,11,30,Lead,27500000
EMP0546,44,3,87,188,10,37,Lead,27500000
EMP0547,41,3,16,165,3,48,Junior,6500000
EMP0548,49,2,56,99,7,25,Mid,11500000
EMP0549,56,3,41,199,7,6,Mid,11500000
EMP0550,50,1,39,118,11,73,Junior,6500000
EMP0551,59,4,99,117,14,11,Senior,22500000
EMP0552,27,5,49,110,11,72,Lead,27500000
EMP0553,35,2,34,116,8,82,Senior,22500000
EMP0554,50,5,22,0,9,17,Mid,11500000
EMP0555,49,4,24,67,3,79,Lead,27500000
EMP0556,31,2,11,32,13,68,Junior,6500000
EMP0557,25,3,66,73,5,74,Senior,22500000
EMP0558,45,2,38,187,3,45,Lead,27500000
EMP0559,23,5,9,93,11,41,Junior,6500000
EMP0560,50,4,96,63,18,51,Lead,27500000
EMP0561,46,3,29,197,11,44,Junior,6500000
EMP0562,52,1,27,102,5,44,Mid,11500000
EMP0563,36,3,98,24,1,96,Lead,27500000
EMP0564,59,3,17,110,16,67,Senior,22500000
EMP0565,54,1,8,102,13,57,Lead,27500000
EMP0566,29,3,12,84,10,16,Lead,27500000
EMP0567,37,3,18,84,14,84,Lead,27500000
EMP0568,59,5,77,19,13,26,Lead,27500000
EMP0569,55,1,28,196,16,66,Mid,11500000
EMP0570,27,2,95,184,2,35,Mid,11500000
EMP0571,44,3,46,120,2,39,Lead,27500000
EMP0572,42,3,88,159,15,18,Junior,6500000
EMP0573,56,5,87,11,10,92,Lead,27500000
EMP0574,50,3,98,177,9,88,Junior,6500000
EMP0575,56,3,88,49,18,60,Senior,22500000
EMP0576,23,5,43,164,7,80,Mid,11500000
EMP0577,54,3,80,173,15,31,Junior,6500000
EMP0578,47,3,67,175,16,92,Senior,22500000
EMP0579,53,3,60,26,2,22,Senior,22500000
EMP0580,39,1,75,118,10,76,Senior,22500000
EMP0581,55,4,41,113,1,51,Senior,22500000
EMP0582,51,4,96,182,12,22,Junior,6500000
EMP0583,44,5,83,150,8,32,Junior,6500000
EMP0584,41,1,95,34,1,51,Junior,6500000
EMP0585,44,1,71,158,19,25,Junior,6500000
EMP0586,29,2,89,176,9,18,Lead,27500000
EMP0587,35,2,21,60,12,27,Junior,6500000
EMP0588,44,4,35,167,1,16,Mid,11500000
EMP0589,35,1,51,151,15,79,Junior,6500000
EMP0590,23,3,51,28,9,51,Mid,11500000
EMP0591,25,5,51,143,19,67,Lead,27500000
EMP0592,45,2,20,153,16,38,Mid,11500000
EMP0593,57,3,51,53,13,49,Mid,11500000
EMP0594,30,5,41,129,11,6,Lead,27500000
EMP0595,37,1,59,199,10,77,Junior,6500000
EMP0596,53,2,24,3,19,76,Lead,27500000
EMP0597,53,2,65,2,6,93,Junior,6500000
EMP0598,48,4,33,115,10,87,Mid,11500000
EMP0599,41,2,59,158,19,15,Junior,6500000
EMP0600,25,1,27,48,18,97,Junior,6500000
EMP0601,57,4,87,194,10,26,Junior,6500000
EMP0602,46,5,46,53,4,94,Mid,11500000
EMP0603,36,3,96,197,11,7,Mid,11500000
EMP0604,33,4,66,22,15,72,Junior,6500000
EMP0605,28,1,51,114,16,80,Senior,22500000
EMP0606,57,1,6,54,18,51,Senior,22500000
EMP0607,45,3,52,69,7,59,Junior,6500000
EMP0608,27,4,1,44,11,82,Lead,27500000
EMP0609,52,5,48,75,5,27,Lead,27500000
EMP0610,42,1,51,94,14,71,Junior,6500000
EMP0611,32,1,95,35,7,83,Mid,11500000
EMP0612,37,3,22,12,17,55,Lead,27500000
EMP0613,35,3,87,140,1,85,Lead,27500000
EMP0614,46,5,87,25,11,79,Junior,6500000
EMP0615,35,2,17,65,15,52,Mid,11500000
EMP0616,59,3,5,114,0,43,Junior,6500000
EMP0617,39,1,33,172,12,93,Junior,6500000
EMP0618,35,2,35,114,16,55,Mid,11500000
EMP0619,45,4,8,21,10,9,Senior,22500000
EMP0620,29,3,91,8,3,82,Mid,11500000
EMP0621,46,5,72,91,8,89,Lead,27500000
EMP0622,55,1,75,104,10,50,Mid,11500000
EMP0623,49,1,51,61,15,10,Mid,11500000
EMP0625,39,1,37,81,10,48,Senior,22500000
EMP0626,55,2,60,123,18,77,Senior,22500000
EMP0627,24,4,51,17,16,81,Lead,27500000
EMP0628,33,1,98,188,14,67,Lead,27500000
EMP0629,57,3,18,91,18,61,Mid,11500000
EMP0630,26,2,30,92,10,81,Lead,27500000
EMP0631,40,3,40,60,18,16,Senior,22500000
EMP0632,33,4,18,177,17,32,Lead,27500000
EMP0633,48,4,3,195,11,99,Junior,6500000
EMP0634,38,1,46,36,0,70,Junior,6500000
EMP0635,49,1,54,43,9,29,Junior,6500000
EMP0636,43,1,72,90,0,82,Lead,27500000
EMP0637,31,2,59,103,16,88,Lead,27500000
EMP0638,27,3,82,2,13,44,Lead,27500000
EMP0639,38,5,51,154,1,96,Mid,11500000
EMP0640,33,2,81,150,11,7,Lead,27500000
EMP0641,27,5,25,116,15,59,Lead,27500000
EMP0642,43,5,61,65,4,86,Mid,11500000
EMP0643,37,5,38,170,14,52,Mid,11500000
EMP0644,25,1,32,194,15,79,Junior,6500000
EMP0645,46,5,77,103,4,70,Senior,22500000
EMP0646,54,3,51,56,7,51,Mid,11500000
EMP0647,22,1,33,93,10,86,Senior,22500000
EMP0648,36,3,22,76,11,13,Senior,22500000
EMP0649,38,4,31,135,0,38,Junior,6500000
EMP0650,40,3,70,178,10,79,Lead,27500000
EMP0651,40,5,38,102,11,78,Junior,6500000
EMP0652,41,4,75,102,16,29,Lead,27500000
EMP0653,22,5,69,62,12,98,Mid,11500000
EMP0654,44,2,4,156,0,44,Senior,22500000
EMP0655,37,5,2,96,14,45,Mid,11500000
EMP0656,45,4,7,107,1,2,Senior,22500000
EMP0657,41,5,38,58,17,57,Senior,22500000
EMP0658,36,4,51,21,7,21,Mid,11500000
EMP0659,45,2,81,68,18,60,Lead,27500000
EMP0660,58,5,50,162,18,87,Junior,6500000
EMP0661,54,4,6,128,16,61,Mid,11500000
EMP0662,53,4,29,176,6,46,Lead,27500000
EMP0663,52,4,95,148,14,92,Junior,6500000
EMP0664,36,4,51,10,10,37,Lead,27500000
EMP0665,22,5,0,65,2,30,Senior,22500000
EMP0666,33,1,14,65,18,91,Mid,11500000
EMP0667,56,3,85,191,13,54,Mid,11500000
EMP0668,58,4,52,10,18,79,Junior,6500000
EMP0669,51,1,51,136,16,1,Mid,11500000
EMP0670,47,5,47,102,10,75,Lead,27500000
EMP0671,32,2,33,3,11,88,Senior,22500000
EMP0672,53,4,90,78,14,91,Lead,27500000
EMP0673,23,1,20,90,10,93,Mid,11500000
EMP0674,31,3,83,119,19,38,Junior,6500000
EMP0675,43,2,57,120,12,11,Junior,6500000
EMP0676,30,1,59,93,15,34,Mid,11500000
EMP0677,51,1,67,71,11,4,Mid,11500000
EMP0678,41,3,58,118,4,5,Mid,11500000
EMP0679,42,5,81,82,17,36,Senior,22500000
EMP0680,39,2,33,102,2,38,Junior,6500000
EMP0681,41,4,72,49,15,76,Junior,6500000
EMP0682,37,3,40,171,0,10,Lead,27500000
EMP0683,56,4,36,30,19,46,Mid,11500000
EMP0684,50,3,40,84,8,80,Senior,22500000
EMP0685,51,1,73,32,9,98,Senior,22500000
EMP0686,24,2,38,137,4,95,Senior,22500000
EMP0687,53,3,52,76,14,8,Mid,11500000
EMP0688,35,1,76,190,19,91,Junior,6500000
EMP0689,47,3,36,191,18,30,Mid,11500000
EMP0690,26,5,70,141,4,90,Lead,27500000
EMP0691,49,2,69,16,7,46,Mid,11500000
EMP0692,29,5,18,102,8,75,Mid,11500000
EMP0693,54,4,24,53,14,91,Mid,11500000
EMP0694,57,5,73,32,1,45,Mid,11500000
EMP0695,34,1,85,11,10,19,Junior,6500000
EMP0696,41,4,63,118,10,20,Senior,22500000
EMP0697,39,4,62,63,4,19,Mid,11500000
EMP0698,41,4,90,161,13,16,Junior,6500000
EMP0699,54,2,86,57,6,45,Mid,11500000
EMP0700,42,4,17,94,17,15,Lead,27500000
EMP0701,45,5,49,95,6,90,Junior,6500000
EMP0702,49,4,45,125,19,44,Junior,6500000
EMP0703,26,2,65,65,2,76,Junior,6500000
EMP0704,51,3,31,56,18,44,Lead,27500000
EMP0705,45,2,73,6,16,92,Mid,11500000
EMP0706,35,2,25,102,8,56,Junior,6500000
EMP0707,57,5,52,170,16,85,Senior,22500000
EMP0708,57,3,95,1,13,36,Lead,27500000
EMP0709,47,1,94,188,15,67,Junior,6500000
EMP0710,34,4,73,92,3,96,Senior,22500000
EMP0711,42,4,96,145,18,63,Senior,22500000
EMP0712,41,5,35,24,18,42,Lead,27500000
EMP0713,55,1,10,38,6,24,Junior,6500000
EMP0714,35,3,96,157,18,78,Lead,27500000
EMP0715,42,2,91,45,14,73,Senior,22500000
EMP0716,40,4,13,102,16,47,Senior,22500000
EMP0717,33,3,19,102,12,87,Lead,27500000
EMP0718,57,5,39,187,15,51,Senior,22500000
EMP0719,51,2,11,102,13,51,Mid,11500000
EMP0720,54,5,32,134,4,36,Junior,6500000
EMP0721,44,2,6,127,13,34,Lead,27500000
EMP0722,41,2,85,138,3,44,Senior,22500000
EMP0723,49,4,79,111,17,51,Senior,22500000
EMP0724,49,5,16,18,16,63,Mid,11500000
EMP0725,40,3,94,33,5,51,Lead,27500000
EMP0726,58,3,61,107,4,10,Junior,6500000
EMP0727,52,4,66,175,7,84,Lead,27500000
EMP0728,38,1,56,33,4,69,Mid,11500000
EMP0729,49,2,86,79,11,15,Senior,22500000
EMP0730,25,2,66,155,0,33,Junior,6500000
EMP0731,27,3,59,157,15,28,Junior,6500000
EMP0732,40,3,59,168,9,63,Junior,6500000
EMP0733,44,1,8,38,14,33,Mid,11500000
EMP0734,27,5,46,64,7,92,Junior,6500000
EMP0735,45,3,89,129,6,96,Lead,27500000
EMP0736,43,5,88,41,8,67,Senior,22500000
EMP0737,42,5,18,118,17,64,Lead,27500000
EMP0738,35,4,36,106,17,44,Senior,22500000
EMP0739,45,4,48,55,16,87,Junior,6500000
EMP0740,46,5,6,105,5,59,Lead,27500000
EMP0741,38,5,15,40,19,22,Mid,11500000
EMP0742,56,5,56,180,10,4,Junior,6500000
EMP0743,41,1,69,184,6,96,Mid,11500000
EMP0744,49,4,39,108,7,21,Mid,11500000
EMP0745,23,1,51,13,9,62,Mid,11500000
EMP0746,55,4,51,9,10,21,Mid,11500000
EMP0747,22,2,26,38,5,99,Lead,27500000
EMP0748,24,2,74,1,6,43,Lead,27500000
EMP0749,43,3,16,169,10,44,Mid,11500000
EMP0750,25,4,4,176,15,51,Senior,22500000
EMP0751,36,4,39,164,19,88,Lead,27500000
EMP0752,57,5,46,74,7,14,Mid,11500000
EMP0753,33,3,31,36,8,3,Lead,27500000
EMP0754,58,2,62,83,12,24,Mid,11500000
EMP0755,28,2,94,119,4,42,Junior,6500000
EMP0756,52,1,29,139,13,77,Lead,27500000
EMP0757,26,2,17,198,10,81,Junior,6500000
EMP0758,48,1,2,133,17,74,Mid,11500000
EMP0759,46,1,48,109,1,30,Senior,22500000
EMP0760,38,1,71,117,2,51,Lead,27500000
EMP0761,49,3,54,198,15,78,Senior,22500000
EMP0762,48,4,29,159,9,51,Lead,27500000
EMP0763,41,5,51,177,12,64,Senior,22500000
EMP0764,50,5,15,163,15,83,Mid,11500000
EMP0765,48,1,19,27,14,2,Mid,11500000
EMP0766,38,4,21,182,0,59,Lead,27500000
EMP0767,59,3,73,131,6,91,Mid,11500000
EMP0768,37,2,21,177,10,87,Mid,11500000
EMP0769,30,2,37,139,14,12,Junior,6500000
EMP0770,53,5,36,145,10,52,Junior,6500000
EMP0771,22,1,84,50,2,95,Senior,22500000
EMP0772,30,4,71,73,10,73,Senior,22500000
EMP0773,28,3,2,107,10,94,Mid,11500000
EMP0774,58,2,91,60,14,56,Lead,27500000
EMP0776,58,4,42,35,10,76,Mid,11500000
EMP0777,25,3,58,61,10,20,Senior,22500000
EMP0778,58,4,68,137,7,89,Mid,11500000
EMP0779,31,4,94,61,8,55,Junior,6500000
EMP0780,31,5,83,107,8,79,Lead,27500000
EMP0781,56,2,7,29,10,55,Lead,27500000
EMP0782,29,1,85,59,16,20,Senior,22500000
EMP0783,44,1,56,80,18,51,Lead,27500000
EMP0784,28,3,39,21,14,51,Senior,22500000
EMP0785,23,2,25,100,2,26,Junior,6500000
EMP0786,59,5,51,102,11,68,Mid,11500000
EMP0787,41,1,77,32,15,38,Senior,22500000
EMP0788,52,2,12,31,3,70,Mid,11500000
EMP0789,51,2,74,79,7,36,Lead,27500000
EMP0790,46,5,51,25,10,70,Junior,6500000
EMP0791,31,3,76,142,4,35,Lead,27500000
EMP0792,38,2,18,94,6,55,Mid,11500000
EMP0793,30,4,62,164,9,18,Senior,22500000
EMP0794,53,1,13,73,18,23,Junior,6500000
EMP0795,45,3,77,112,12,19,Mid,11500000
EMP0796,37,5,6,166,18,90,Junior,6500000
EMP0797,33,4,60,62,18,5,Junior,6500000
EMP0798,56,2,62,54,5,51,Senior,22500000
EMP0799,38,3,78,163,1,87,Lead,27500000
EMP0800,50,2,29,87,18,56,Lead,27500000
EMP0801,57,3,80,198,10,85,Lead,27500000
EMP0802,56,5,81,87,17,74,Mid,11500000
EMP0803,25,5,31,19,9,85,Mid,11500000
EMP0804,28,3,18,4,10,97,Mid,11500000
EMP0805,40,1,57,132,3,98,Junior,6500000
EMP0806,41,2,89,180,12,32,Mid,11500000
EMP0807,43,3,80,79,13,82,Junior,6500000
EMP0808,42,4,91,176,10,86,Junior,6500000
EMP0809,26,1,84,147,17,13,Senior,22500000
EMP0810,53,3,36,23,4,1,Lead,27500000
EMP0811,22,1,30,107,6,71,Junior,6500000
EMP0812,41,1,70,3,1,34,Senior,22500000
EMP0813,49,5,27,4,6,92,Mid,11500000
EMP0814,58,1,40,136,10,79,Lead,27500000
EMP0815,41,5,39,176,18,87,Mid,11500000
EMP0816,39,4,75,54,16,5,Senior,22500000
EMP0817,26,1,69,18,18,21,Junior,6500000
EMP0818,52,4,64,162,2,27,Junior,6500000
EMP0819,23,2,44,186,10,20,Senior,22500000
EMP0820,30,1,9,7,8,28,Lead,27500000
EMP0821,23,1,75,91,14,8,Mid,11500000
EMP0822,39,3,82,23,7,51,Lead,27500000
EMP0823,56,2,67,160,10,99,Mid,11500000
EMP0824,46,1,7,147,10,92,Lead,27500000
EMP0825,37,2,6,90,15,49,Junior,6500000
EMP0826,41,3,8,20,17,72,Senior,22500000
EMP0827,25,5,79,88,4,19,Senior,22500000
EMP0828,53,1,23,120,9,43,Lead,27500000
EMP0829,41,3,52,40,2,4,Mid,11500000
EMP0830,36,4,26,90,10,61,Junior,6500000
EMP0831,39,1,74,137,7,22,Mid,11500000
EMP0832,41,5,74,188,19,41,Junior,6500000
EMP0833,24,2,27,128,2,66,Mid,11500000
EMP0834,41,1,93,174,17,10,Senior,22500000
EMP0835,50,3,87,190,12,12,Senior,22500000
EMP0836,29,4,40,145,17,74,Mid,11500000
EMP0837,22,5,89,3,6,6,Lead,27500000
EMP0838,42,1,18,102,17,33,Senior,22500000
EMP0839,23,3,14,146,10,44,Junior,6500000
EMP0840,55,1,11,172,8,41,Junior,6500000
EMP0841,42,1,90,79,3,53,Lead,27500000
EMP0842,54,2,29,105,14,87,Lead,27500000
EMP0843,28,1,8,133,10,22,Senior,22500000
EMP0844,36,2,51,3,8,4,Mid,11500000
EMP0845,30,5,30,1,13,62,Junior,6500000
EMP0846,51,5,23,190,13,70,Junior,6500000
EMP0847,38,1,85,12,13,97,Senior,22500000
EMP0848,59,2,61,131,10,97,Junior,6500000
EMP0849,42,2,80,12,6,51,Junior,6500000
EMP0851,58,5,98,104,13,11,Mid,11500000
EMP0852,38,5,90,115,10,12,Junior,6500000
EMP0853,38,4,24,143,7,64,Junior,6500000
EMP0854,32,5,97,80,5,76,Senior,22500000
EMP0855,31,3,42,46,17,3,Lead,27500000
EMP0856,22,1,87,155,6,36,Senior,22500000
EMP0857,41,1,41,110,12,51,Senior,22500000
EMP0858,46,5,14,102,19,50,Senior,22500000
EMP0859,37,2,29,57,11,67,Senior,22500000
EMP0860,41,1,74,162,10,78,Lead,27500000
EMP0861,53,5,9,23,18,73,Senior,22500000
EMP0862,46,4,55,45,1,59,Senior,22500000
EMP0863,34,3,91,83,0,83,Senior,22500000
EMP0864,37,3,70,171,6,79,Junior,6500000
EMP0865,41,4,2,191,12,99,Junior,6500000
EMP0866,49,5,82,142,5,88,Junior,6500000
EMP0867,41,1,78,31,17,86,Mid,11500000
EMP0868,52,5,76,89,19,23,Mid,11500000
EMP0869,49,5,95,53,5,46,Junior,6500000
EMP0870,50,3,50,197,0,45,Mid,11500000
EMP0871,55,4,54,102,14,10,Mid,11500000
EMP0872,58,3,0,18,12,64,Junior,6500000
EMP0873,41,2,51,29,18,64,Senior,22500000
EMP0874,26,3,6,22,9,70,Junior,6500000
EMP0875,41,5,7,124,1,15,Mid,11500000
EMP0876,58,4,45,118,19,95,Mid,11500000
EMP0877,58,3,0,57,13,52,Mid,11500000
EMP0878,52,1,65,148,15,62,Junior,6500000
EMP0879,54,2,93,60,6,15,Junior,6500000
EMP0880,53,2,66,26,11,51,Lead,27500000
EMP0881,38,2,58,5,16,4,Mid,11500000
EMP0882,44,5,11,145,7,18,Mid,11500000
EMP0883,58,1,30,186,0,35,Mid,11500000
EMP0884,38,2,99,161,1,75,Mid,11500000
EMP0885,39,1,50,156,0,76,Mid,11500000
EMP0886,35,3,68,120,17,34,Junior,6500000
EMP0887,37,2,17,86,9,28,Mid,11500000
EMP0888,45,3,86,102,19,40,Senior,22500000
EMP0889,41,1,6,128,17,68,Mid,11500000
EMP0890,34,4,51,30,3,77,Junior,6500000
EMP0891,42,4,14,64,10,42,Junior,6500000
EMP0892,40,4,86,198,10,3,Senior,22500000
EMP0893,37,3,23,164,17,17,Mid,11500000
EMP0894,49,5,32,100,14,23,Senior,22500000
EMP0895,26,4,47,170,12,54,Senior,22500000
EMP0896,29,5,93,191,1,68,Senior,22500000
EMP0897,36,4,97,93,17,7,Lead,27500000
EMP0898,30,3,8,98,16,13,Lead,27500000
EMP0899,39,3,41,67,17,87,Senior,22500000
EMP0900,41,2,30,132,11,46,Junior,6500000
EMP0901,57,3,63,16,8,88,Mid,11500000
EMP0902,47,3,62,177,15,8,Lead,27500000
EMP0903,23,2,0,23,12,64,Senior,22500000
EMP0904,59,4,96,128,11,61,Lead,27500000
EMP0905,27,3,32,138,5,50,Lead,27500000
EMP0906,24,3,51,108,0,26,Lead,27500000
EMP0907,42,5,90,37,10,44,Lead,27500000
EMP0908,44,1,8,55,10,51,Senior,22500000
EMP0909,47,3,4,95,0,51,Junior,6500000
EMP0910,43,1,53,130,8,0,Mid,11500000
EMP0911,41,4,10,147,8,15,Mid,11500000
EMP0912,51,2,57,3,19,94,Mid,11500000
EMP0913,53,4,30,77,16,37,Mid,11500000
EMP0914,23,5,42,121,17,11,Lead,27500000
EMP0915,59,3,32,198,12,59,Lead,27500000
EMP0916,51,4,28,160,9,57,Lead,27500000
EMP0917,41,2,2,185,11,32,Lead,27500000
EMP0918,48,1,55,187,16,61,Senior,22500000
EMP0919,33,4,52,172,7,94,Junior,6500000
EMP0920,44,5,89,131,17,51,Mid,11500000
EMP0921,36,3,64,112,8,4,Senior,22500000
EMP0922,56,3,14,44,0,74,Lead,27500000
EMP0923,24,5,3,16,6,51,Mid,11500000
EMP0925,26,1,51,113,19,39,Senior,22500000
EMP0927,31,1,32,23,7,76,Senior,22500000
EMP0928,43,1,80,150,13,19,Junior,6500000
EMP0929,41,4,22,156,11,89,Mid,11500000
EMP0930,59,2,51,190,16,49,Mid,11500000
EMP0931,41,2,92,80,14,96,Senior,22500000
EMP0932,23,4,78,58,11,51,Senior,22500000
EMP0933,46,1,84,182,18,28,Lead,27500000
EMP0934,59,3,46,64,7,34,Mid,11500000
EMP0935,51,2,61,65,17,82,Senior,22500000
EMP0936,27,4,61,182,12,68,Senior,22500000
EMP0937,36,3,88,175,6,4,Senior,22500000
EMP0938,42,4,80,83,10,85,Mid,11500000
EMP0939,41,1,12,134,5,4,Junior,6500000
EMP0940,34,1,71,50,4,51,Mid,11500000
EMP0941,32,1,51,187,8,15,Lead,27500000
EMP0942,25,1,34,93,15,60,Senior,22500000
EMP0943,55,5,90,191,16,51,Senior,22500000
EMP0944,35,3,25,23,14,11,Mid,11500000
EMP0945,59,4,50,109,14,90,Lead,27500000
EMP0946,33,4,3,56,13,95,Mid,11500000
EMP0947,35,3,43,102,10,88,Mid,11500000
EMP0948,35,4,51,19,5,97,Mid,11500000
EMP0949,46,2,40,133,14,50,Senior,22500000
EMP0950,40,4,60,135,13,44,Junior,6500000
EMP0951,39,2,54,38,1,88,Mid,11500000
EMP0952,33,3,1,59,12,6,Senior,22500000
EMP0953,24,5,61,14,14,40,Junior,6500000
EMP0954,58,2,48,110,1,25,Senior,22500000
EMP0955,30,4,73,199,5,52,Lead,27500000
EMP0956,50,4,64,115,10,91,Senior,22500000
EMP0957,49,2,27,138,19,49,Junior,6500000
EMP0958,43,4,93,46,16,67,Junior,6500000
EMP0959,22,5,47,25,8,53,Senior,22500000
EMP0960,33,5,15,78,11,93,Senior,22500000
EMP0961,25,3,13,64,13,99,Lead,27500000
EMP0962,41,1,50,13,15,31,Mid,11500000
EMP0963,24,5,78,117,15,50,Junior,6500000
EMP0964,27,2,51,110,15,93,Lead,27500000
EMP0965,22,4,23,152,5,9,Junior,6500000
EMP0966,38,3,28,177,2,61,Lead,27500000
EMP0967,24,2,99,101,0,90,Junior,6500000
EMP0968,24,1,97,37,16,65,Mid,11500000
EMP0969,41,1,67,102,2,17,Mid,11500000
EMP0970,39,1,91,86,13,99,Lead,27500000
EMP0971,54,5,29,10,9,75,Lead,27500000
EMP0972,47,4,84,71,19,37,Senior,22500000
EMP0973,43,1,70,133,10,56,Mid,11500000
EMP0974,22,1,59,134,5,1,Junior,6500000
EMP0975,40,3,49,123,1,50,Lead,27500000
EMP0976,27,4,38,14,9,40,Lead,27500000
EMP0977,47,5,50,103,16,6,Junior,6500000
EMP0978,42,4,94,102,1,82,Mid,11500000
EMP0979,26,5,15,143,0,15,Lead,27500000
EMP0980,39,1,92,72,7,40,Mid,11500000
EMP0981,36,4,95,139,13,12,Lead,27500000
EMP0982,41,5,13,13,4,38,Mid,11500000
EMP0983,49,4,56,176,4,93,Mid,11500000
EMP0984,58,2,77,69,7,13,Mid,11500000
EMP0985,30,4,48,19,11,86,Mid,11500000
EMP0986,47,3,30,28,16,75,Senior,22500000
EMP0987,41,3,67,97,1,21,Junior,6500000
EMP0988,28,5,75,139,10,6,Senior,22500000
EMP0989,30,3,43,129,5,68,Lead,27500000
EMP0990,54,3,46,139,16,62,Junior,6500000
EMP0991,43,1,44,185,8,65,Mid,11500000
EMP0992,22,3,51,154,0,74,Senior,22500000
EMP0993,29,4,94,175,2,51,Senior,22500000
EMP0994,55,4,64,147,14,87,Junior,6500000
EMP0995,46,2,29,98,2,92,Junior,6500000
EMP0996,54,1,51,81,5,95,Senior,22500000
EMP0997,30,3,15,166,13,19,Mid,11500000
EMP0999,32,1,51,183,1,34,Senior,22500000
EMP1000,40,4,51,152,18,3,Senior,22500000